id,explanation
3006923696230883.0,The ad targets university-age students interested in climate science to study and combat climate change.
439044277591656.0,Targets young adults passionate about climate action and eager to influence political decisions for their future.
3024511481135625.0,Targets environmentally conscious young adults concerned about sustainability and future impact of clean water and energy.
402192854968279.0,"Targets 45-64-year-olds by focusing on working families, anti-celebrity politics, and referencing the Trump Era"
187057706873873.0,"The ad specifically highlights #seniors and programs like SilverSneakers and Silver&Fit, which cater to the senior age group."
1382947215432991.0,The ad mentions seniors as being most vulnerable to COVID and emphasizes the risks they face if the recall succeeds.
366974948334582.0,This age group is highly engaged in social issues and likely seeks corporate accountability for environmental impacts.
1048026589063767.0,"Their engagement with monthly activities, environmental concerns, and disposable income aligns well with the tree-planting service."
641487723496962.0,"Likely to have disposable income and interest in sustainable living, able to commit to monthly environmental contributions."
208375551215619.0,This group is most likely to take action on climate change initiatives and has disposable income for donations.
901401940719728.0,This age group is often more environmentally active and responds well to social media campaigns promoting climate action initiatives.
1905915259595156.8,This group is likely to be parents motivated by concerns for their children's future and climate change.
240173901014469.0,This age group is often highly engaged with environmental causes and active on social media platforms promoting such initiatives.
194718655782945.0,"This age group is most likely to be engaged in career-building, innovation, and interested in sustainable agriculture and biofuels."
297791808800023.0,Most likely to have interest and financial ability for sustainable travel and investment in eco-friendly options like biofuels.
529143264928590.0,This group is likely environmentally conscious and financially capable of subscribing to a tree-planting service.
322534465900174.0,"This age group often actively engages in political events and climate change, making them likely targets for such an ad."
213880016953502.0,"This demographic is most environmentally conscious and likely engaged in current socio-political issues; hence, they are prime targets."
322686152559288.0,"More likely to be concerned about extreme weather events, climate impacts, and future environment for their children."
1889899714498864.0,"This group likely prioritizes community and health, making them more responsive to climate change's health impact findings."
971512993653109.0,This age group often appreciates cause-driven gifts and is financially stable to purchase items like meaningful bracelets.
810839786178492.0,"Most likely to be environmentally conscious, willing to invest in sustainable products, and have disposable income for purchases."
163523285594310.0,This group is more environmentally conscious and financially stable to support sustainable products like Viably's carbon offset bracelet.
192170945692131.0,"This group is most actively engaged in both professional roles and household decisions, influencing sustainable lifestyle changes effectively."
439004627366503.0,"Parents in this age range are most likely to have young children and prioritize organic, climate-friendly baby food."
191177225694692.0,"This age group likely includes new parents interested in sustainable, healthy food options for their babies."
186956226191652.0,"They are likely environmentally conscious, health-focused, and financially capable of supporting sustainability initiatives like regenerative agriculture."
619740115835196.0,Most likely to be engaged in activism for sustainability and shop at retailers mentioned in the ad.
449635560188566.0,This age group is more likely to be engaged in advocacy and economics-related topics affecting their professional and personal future.
511618797002895.0,This group is most engaged in investment and policy for long-term financial and environmental stability.
5010736695679907.0,"The ad directly addresses young people, encouraging their active participation in climate action through engaging insights from Nobel Laureates."
959829958274464.0,"This group is most involved in the workforce and decision-making roles, making them pivotal for implementing low-carbon solutions."
1072256250003174.0,This group is likely focused on energy solutions and infrastructure impacting their careers and future economic stability.
1315274542269560.0,"This group is likely to value corporate social responsibility and sustainability, aligning with career growth and ethical considerations."
303500391790095.0,"This group is environmentally conscious, financially capable, and likely to support and invest in sustainable clean energy solutions."
332561448268441.0,This age group is most likely concerned with sustainability and can influence purchasing and corporate decisions related to bioproducts.
1372955056435626.0,This group is typically more environmentally conscious and has disposable income for sustainable fashion and eco-friendly products.
1601119053573002.0,This group is likely interested in career opportunities and innovations affecting the future of clean energy.
411379300361037.0,"This demographic likely has the relevant skills, experience, and career drive necessary for the rapidly growing clean energy industry."
875140773197915.0,This group is most active in the workforce and suited for transitioning into clean energy jobs and opportunities.
397370898544660.0,"This age group is likely engaged in corporate responsibility, career-related sustainability efforts, and significant community involvement."
231683802315357.0,This age group is more likely interested in sustainable energy solutions impacting their current and future economic opportunities.
1092308591513203.0,"This age group is typically involved in innovative industries and professional research, fitting the ad's focus on energy collaboration."
1027836864639155.0,"They are likely to drive regularly and make fuel choices, valuing eco-friendly and cost-effective solutions."
2909807542476528.0,This age group is likely focused on career growth and is interested in future-oriented and innovative energy solutions.
268958847900888.0,"This ad targets environmentally conscious, tech-savvy professionals likely interested in sustainability and advancements in Formula 1."
537620100815517.0,"This age group is actively engaged in industry innovations and career growth, aligning with the ad's focus on sustainability goals."
543854340116245.0,This demographic often shows higher concern for sustainability and has purchasing power and influence to support green initiatives.
209555271013364.0,This group is likely to have young children and a strong interest in sustainability for future generations.
1140752143069000.0,"This age group is likely environmentally conscious, financially capable of road-tripping, and interested in sustainable travel solutions like biofuels."
937750760374146.0,"This age group balances health, environmental concerns, and typically makes household purchasing decisions, aligning with dairy's sustainability message."
878443692738363.0,"They have disposable income, value eco-friendly products, and are likely to purchase stylish accessories like the Viably Bracelet."
255951302902044.0,"This group is often environmentally conscious, tech-savvy, and has disposable income to invest in sustainable products like the viably bracelet."
538514977188345.0,This demographic aligns with adults who are environmentally conscious and actively planning for sustainable living.
464506664858648.0,"This age group frequently engages in recreational activities and values economic stability, aligning with the ad's message."
467132388369591.0,This group is likely paying higher costs now and is sensitive to corporate greed.
282947713822348.0,"This group is actively involved in the workforce and likely values reliable, clean energy solutions for future sustainability and efficiency."
309151827820052.0,"Individuals in early working age are typically building wealth and looking for unique, potentially profitable investment opportunities."
1018445385694953.0,"They are likely concerned with clean energy and are in the workforce, making decisions about energy use."
503771501216391.0,This age group is generally more concerned with career development and future-focused topics like clean energy sustainability.
1129821644224845.0,This group likely works in industries related to natural gas or has an interest in technical aspects of energy maintenance.
1319700185124392.0,This group is typically environmentally conscious and actively involved in pursuing sustainable and renewable energy solutions.
1475354419512836.0,"This group is likely interested in investment opportunities and financial strategies, aligning with the focus on investor relations."
1590956054586476.0,This group is most likely concerned with reliable energy for growing personal and professional responsibilities.
293972455744334.0,"They are established homeowners whose energy choices significantly impact home pollution, making them key targets for change."
405647090921448.0,"This group likely owns homes and cars, and are motivated to reduce greenhouse gas emissions and save on utilities."
616180316502761.0,"This group is most likely interested in sustainability and long-term energy plans, and they are within a working-age demographic."
1288995251522610.0,Established professionals are more likely to engage with energy market insights and understand natural gas's economic impact.
537664893988264.0,"This group likely values sustainability and energy innovation, aligning with the ad’s clean energy and renewable natural gas focus."
228913805799070.0,"Likely homeowners in rural areas seeking reliable, clean fuel solutions for heating and appliances."
147601104060506.0,"This age group prioritizes sustainability and corporate responsibility, aligning with their purchasing power and environmental concerns."
541510210633205.0,This group is likely concerned with energy efficiency and environmental impact while managing household and career responsibilities.
454130649510104.0,This demographic is actively engaged in social issues and likely prioritizes inclusive conversations during holiday gatherings.
2133030833520410.0,"This age group is most engaged with social issues and video content, often seeking deeper understanding and dialogue."
178112321168890.0,"This group is most actively seeking stable careers and job opportunities, making them ideal candidates for joining the clean energy workforce."
270298864986838.0,"This group is most likely to own or be upgrading homes and interested in sustainable, cost-saving energy solutions."
617777709237034.0,"This group is likely to be eco-conscious, involved in energy-efficient initiatives, and engaged in social media promotions."
298311738368165.0,"This group is typically more engaged with energy innovations and is career-focused, making them interested in hydrogen technology developments."
4733366130043626.0,"This group is most likely invested in sustainability, career growth, and has disposable income for initiatives supporting a bioeconomy."
433313538286432.0,This age group is highly active in career and family planning and is likely concerned about climate change impacts.
4170359153086847.0,Most likely to be motivated by civic duty and have resources to actively engage in combating climate change.
1563844083954640.0,They're environmentally conscious adults motivated to reduce air pollution for better health and future life expectancy.
183698247243809.0,This group likely manages household energy plans and is more concerned with long-term environmental and financial impacts.
546741896422028.0,"Highly engaged in climate activism, motivated to support environmental causes and willing to take immediate action."
579012546618518.0,This group is typically more engaged with sustainability efforts and aligns with long-term professional concerns for environmental impact.
443650127093201.0,"This group is most likely environmentally conscious and proactive about future impacts, aligning with the call to action in the ad."
633844200916104.0,"This group is likeliest to be environmentally conscious, actively engaged with online activism, and frequent Amazon customers."
860605394591533.0,This demographic is most likely to be engaged in professional roles and concerned with socio-political issues like climate change.
726454921609978.0,Young adults are typically more engaged with climate issues and likely to support bold environmental leadership and action.
455135382997208.0,Young adults are typically more engaged with climate issues and likely to support bold environmental leadership and action.
345076737468385.0,Young adults are often highly engaged in climate activism and more likely to support bold actions for environmental protection.
2015840521921039.2,Young adults are typically more concerned about climate change and are likely to support bold climate leadership initiatives.
626880021952043.0,Young adults are more likely to be passionate about urgent climate action and mobilized via climate emergency campaigns.
659442745241468.0,"Young adults are typically more engaged in climate activism and urgent environmental issues, making them the most receptive audience."
1127315154707324.0,Young adults are typically more engaged with climate issues and likely to support bold environmental leadership and action.
1118919555531379.0,Young adults are typically more engaged with climate issues and likely to support bold environmental leadership and action.
1123394438411294.0,Young adults are typically more engaged with climate issues and likely to support bold environmental leadership and action.
1093560511484134.0,Young adults are typically more engaged with climate issues and likely to support bold environmental leadership and action.
3660017220774214.5,They're passionate about climate action and eager to get trained to make a real difference.
266694154984698.0,"They're passionate about climate issues, eager to take action, and likely to participate in free training to make change."
1592829991069116.0,Internships typically target young adults who are just starting their careers and seeking experience in relevant fields.
948602559409416.0,"The ad references high school and social media hashtags, targeting younger individuals engaged in climate and political discussions."
4474339329324929.0,"The ad appeals to young adults' desire for action and creativity in solving climate issues, without reliance on ""experts."""
698056847836969.0,"The focus on university, youth climate organizations, and a scholarship indicates a target audience of young adults."
1059117091492189.0,"They prioritize reproductive rights and climate change, are newly eligible voters, and motivated to engage in elections."
869539010357066.0,"They're passionate about climate action, eager to engage, and likely to become ambassadors for meaningful change."
236404121779022.0,"The ad’s urgent tone and call for action align with Gen Z’s activism and demand for immediate, meaningful change."
593378855038824.0,"The ad specifically mentions ""Gen Z,"" who primarily fall within the 18-24 age range, focusing on their desire for action."
594664368330854.0,They're motivated to combat climate change and eager to participate in free training to make a meaningful impact.
579090156559973.0,"Likely most concerned with high bills, blackout prevention, and home energy efficiency to lower household expenses and increase reliability."
136542685254651.0,This group likely includes parents concerned about safe and supportive conditions for their child athletes.
461966791594674.0,"This group is likely investing in sustainable energy options, driven by long-term economic and environmental considerations."
3158858510993311.0,This age group is most likely to resonate with youth-focused activism and justice-oriented movements for systemic change.
632925471193017.0,Emphasis on investments and economic competitiveness appeals to adults focused on career growth in this age group.
588613105724680.0,They can switch energy plans and are motivated to act before irreversible impacts by 2030.
264346558708823.0,The ad appeals to 45-64-year-olds who invest in public resources and value economic and environmental sustainability.
415903763485448.0,"They're active voters concerned about public safety, likely to support policy changes by voting on local measures."
297946808464815.0,"They typically own homes and cars, contributing significantly to emissions, and can adopt changes to reduce their impact."
930136057859759.0,"They're established homeowners whose energy choices significantly impact home pollution, making them key targets for change."
542397933867789.0,"They're small business owners affected by unemployment, inflation, and gas prices, concerned about Biden's economic policies."
434265058042618.0,"They are established homeowners with financial means, likely to upgrade their homes to solar power for environmental and cost benefits."
